id,depart,departLane,departPos,departSpeed,departDelay,arrival,arrivalLane,arrivalPos,arrivalSpeed,duration,routeLength,waitingTime,waitingCount,stopTime,timeLoss,rerouteNo,devices,vType,speedFactor,vaporized
5,4.8,-gneE49_0,6.6,0,-0.2,21.2,-gneE48_0,85.6,13.52,16.4,179,0,0,0,3.49,0,tripinfo_5 routing_5,bus,1,
8,8,-gneE26_0,6.6,0,0,26.4,gneE2_0,85.6,13.44,18.4,178.79,0,0,0,4.6,0,tripinfo_8 routing_8,bus,1,
13,12.8,gneE14_0,6.6,0,-0.2,53.2,-gneE46_0,85.6,6.41,40.4,378.79,0,0,0,12.23,1,tripinfo_13 routing_13,bus,1,
3,2.8,gneE3_0,6.6,0,-0.2,55.2,gneE5_0,85.6,13.76,52.4,273.63,21.6,1,0,31.77,1,tripinfo_3 routing_3,bus,1,
7,6.8,-gneE50_0,6.6,0,-0.2,55.2,-gneE14_0,85.6,13.68,48.4,373.42,10,1,0,19.62,1,tripinfo_7 routing_7,bus,1,
53,52.8,gneE41_0,5.1,0,-0.2,62,gneE41_0,89.6,16.07,9.2,84.5,0,0,0,3.85,1,tripinfo_53 routing_53,DEFAULT_VEHTYPE,1.18,
29,28.8,gneE2_0,5.1,0,-0.2,64.4,-gneE6_0,85.6,15.1,35.6,374.92,0,0,0,9.95,1,tripinfo_29 routing_29,DEFAULT_VEHTYPE,1.12,
43,42.8,-gneE46_0,5.1,0,-0.2,74.4,gneE40_0,85.6,12.92,31.6,274.92,0,0,0,8.86,1,tripinfo_43 routing_43,DEFAULT_VEHTYPE,0.95,
6,6,gneE45_0,6.6,0,0,74.8,-gneE38_0,89.6,12.45,68.8,377.42,28,1,0,39.81,1,tripinfo_6 routing_6,bus,1,
25,24.8,gneE52_0,5.1,0,-0.2,81.6,-gneE37_0,89.6,11.55,56.8,571.31,0,0,0,7.62,1,tripinfo_25 routing_25,DEFAULT_VEHTYPE,0.86,
58,58,-gneE44_0,5.1,0,0,83.2,-gneE29_0,85.6,14.94,25.2,280.29,0,0,0,5.81,1,tripinfo_58 routing_58,DEFAULT_VEHTYPE,1.09,
60,60,gneE38_0,5.1,0,0,83.6,gneE40_0,85.6,14.38,23.6,284.5,0,0,0,3.63,1,tripinfo_60 routing_60,DEFAULT_VEHTYPE,1.04,
2,2,gneE32_0,6.6,0,0,84,-gneE33_0,85.6,13.85,82,464.23,32,1,0,46.05,1,tripinfo_2 routing_2,bus,1,
28,28,-gneE2_0,5.1,0,0,92,-gneE26_0,85.6,14.42,64,660.36,0,0,0,15.64,1,tripinfo_28 routing_28,DEFAULT_VEHTYPE,1.05,
35,36,gneE31_0,5.1,0,1,93.6,gneE15_0,85.6,6.17,57.6,275.13,17.6,1,0,39.8,1,tripinfo_35 routing_35,DEFAULT_VEHTYPE,1.16,
48,48,gneE33_0,5.1,0,0,93.6,-gneE41_0,89.6,13.82,45.6,471.31,0,0,0,10.44,1,tripinfo_48 routing_48,DEFAULT_VEHTYPE,1.01,
27,26.8,-gneE37_0,5.1,0,-0.2,95.6,-gneE50_0,85.6,6.03,68.8,378.92,20.8,1,0,40.86,1,tripinfo_27 routing_27,DEFAULT_VEHTYPE,1.03,
12,12,-gneE3_0,6.6,0,0,96.8,-gneE41_0,89.6,13.83,84.8,664.44,11.2,1,0,35.27,1,tripinfo_12 routing_12,bus,1,
40,40,-gneE33_0,5.1,0,0,97.6,gneE2_0,85.6,8.99,57.6,374.71,4.8,2,0,22.18,1,tripinfo_40 routing_40,DEFAULT_VEHTYPE,0.83,
49,48.8,gneE36_0,5.1,0,-0.2,99.6,-gneE50_0,85.6,8.98,50.8,380.08,6.8,1,0,26.14,1,tripinfo_49 routing_49,DEFAULT_VEHTYPE,1.17,
9,8.8,-gneE44_0,6.6,0,-0.2,100,gneE33_0,85.6,13.58,91.2,467.84,40,2,0,54.2,1,tripinfo_9 routing_9,bus,1,
44,44,gneE26_0,5.1,0,0,101.6,-gneE32_0,85.6,15.26,57.6,269.76,24.4,1,0,39.01,1,tripinfo_44 routing_44,DEFAULT_VEHTYPE,1.13,
64,64,-gneE31_0,5.1,0,0,103.6,-gneE44_0,85.6,11.79,39.6,274.92,2.8,1,0,15.18,1,tripinfo_64 routing_64,DEFAULT_VEHTYPE,0.88,
18,18,-gneE35_0,5.1,0,0,109.6,-gneE45_0,85.6,13.55,91.6,479.87,40,2,0,55.28,1,tripinfo_18 routing_18,DEFAULT_VEHTYPE,1.01,
24,24.4,-gneE2_0,5.1,0,0.4,110.8,-gneE9_0,89.6,12.58,86.4,381.63,42.4,2,0,55.35,1,tripinfo_24 routing_24,DEFAULT_VEHTYPE,0.94,
47,49.2,gneE1_0,5.1,0,2.2,111.6,gneE50_0,85.6,10.9,62.4,375.13,19.6,1,0,38.12,1,tripinfo_47 routing_47,DEFAULT_VEHTYPE,1.15,
46,46,-gneE6_0,5.1,0,0,112,-gneE2_0,85.6,8.85,66,480.08,8,2,0,35.17,1,tripinfo_46 routing_46,DEFAULT_VEHTYPE,1.18,
34,34,gneE43_0,5.1,0,0,112.8,gneE27_0,89.6,12.94,78.8,473.55,24,1,0,39.45,1,tripinfo_34 routing_34,DEFAULT_VEHTYPE,0.94,
45,44.8,gneE33_0,5.1,0,-0.2,114.8,-gneE38_0,89.6,12.76,70,775.31,0,0,0,8.72,1,tripinfo_45 routing_45,DEFAULT_VEHTYPE,0.93,
55,54.8,-gneE47_0,5.1,0,-0.2,115.2,-gneE43_0,85.6,12.06,60.4,569.55,0,0,0,12.32,1,tripinfo_55 routing_55,DEFAULT_VEHTYPE,0.9,
20,20,gneE31_0,5.1,0,0,116.8,-gneE38_0,89.6,13.83,96.8,478.92,34.8,3,0,61.7,1,tripinfo_20 routing_20,DEFAULT_VEHTYPE,1.03,
38,38,-gneE5_0,5.1,0,0,119.2,-gneE1_0,85.6,13.08,81.2,480.08,20,1,0,43.98,1,tripinfo_38 routing_38,DEFAULT_VEHTYPE,0.98,
0,0,-gneE33_0,6.6,0,0,119.6,-gneE42_0,89.6,13.47,119.6,477.21,63.2,4,0,82.89,1,tripinfo_0 routing_0,bus,1,
76,76,gneE26_0,5.1,0,0,122.8,-gneE29_0,85.6,14.62,46.8,474.71,0,0,0,13.19,1,tripinfo_76 routing_76,DEFAULT_VEHTYPE,1.08,
4,4,-gneE4_0,6.6,0,0,124.4,-gneE0_0,89.6,13.54,120.4,482.58,61.2,4,0,83.99,1,tripinfo_4 routing_4,bus,1,
107,107.2,gneE5_0,5.1,0,0.2,125.6,gneE6_0,85.6,13.97,18.4,175.13,0,0,0,5.41,0,tripinfo_107 routing_107,DEFAULT_VEHTYPE,1.04,
112,115.2,-gneE42_0,5.1,0,3.2,125.6,-gneE42_0,89.6,11.56,10.4,84.5,0,0,0,2.71,1,tripinfo_112 routing_112,DEFAULT_VEHTYPE,0.83,
10,10,gneE31_0,6.6,0,0,127.2,gneE42_0,89.6,13.71,117.2,579.92,57.2,2,0,73.1,1,tripinfo_10 routing_10,bus,1,
72,72,-gneE15_0,5.1,0,0,127.6,-gneE38_0,89.6,12.4,55.6,379.13,5.2,1,0,24.29,1,tripinfo_72 routing_72,DEFAULT_VEHTYPE,0.9,
19,18.8,-gneE28_0,5.1,0,-0.2,128.4,gneE49_0,85.6,14.52,109.6,781.63,37.6,2,0,56.07,1,tripinfo_19 routing_19,DEFAULT_VEHTYPE,1.08,
17,16.8,-gneE46_0,5.1,0,-0.2,133.6,gneE27_0,89.6,13,116.8,578.92,46.8,3,0,70.82,1,tripinfo_17 routing_17,DEFAULT_VEHTYPE,0.94,
116,116,-gneE53_0,5.1,0,0,134.4,-gneE44_0,85.6,13.63,18.4,175.13,0,0,0,4.9,0,tripinfo_116 routing_116,DEFAULT_VEHTYPE,1.01,
65,64.8,-gneE36_0,5.1,0,-0.2,136,-gneE51_0,85.6,11.65,71.2,569.34,2,1,0,19.37,1,tripinfo_65 routing_65,DEFAULT_VEHTYPE,0.85,
101,102.8,gneE33_0,5.1,0,1.8,137.2,-gneE28_0,89.6,13.71,34.4,184.29,12,1,0,20.28,0,tripinfo_101 routing_101,DEFAULT_VEHTYPE,1,
68,68,gneE26_0,5.1,0,0,137.6,gneE42_0,89.6,13.74,69.6,676.26,0.8,1,0,19.73,1,tripinfo_68 routing_68,DEFAULT_VEHTYPE,1.02,
21,20.8,gneE27_0,5.1,0,-0.2,138,-gneE5_0,85.6,5.44,117.2,770.89,27.2,1,0,47.21,1,tripinfo_21 routing_21,DEFAULT_VEHTYPE,0.83,
22,23.2,-gneE49_0,5.1,0,1.2,138,gneE4_0,85.6,5.85,114.8,374.71,51.2,2,0,86.89,1,tripinfo_22 routing_22,DEFAULT_VEHTYPE,1.05,
31,30.8,-gneE42_0,5.1,0,-0.2,138,gneE46_0,85.6,5.87,107.2,471.1,48,3,0,68.6,1,tripinfo_31 routing_31,DEFAULT_VEHTYPE,0.93,
33,32.8,-gneE49_0,5.1,0,-0.2,138,-gneE14_0,85.6,5.49,105.2,380.5,60.8,2,0,76.11,1,tripinfo_33 routing_33,DEFAULT_VEHTYPE,0.94,
14,14,gneE26_0,6.6,0,0,138.4,-gneE4_0,85.6,5.14,124.4,567.84,50.8,3,0,80.72,1,tripinfo_14 routing_14,bus,1,
103,102.8,-gneE41_0,5.1,0,-0.2,138.4,-gneE30_0,85.6,13.32,35.6,373.76,0,0,0,6.41,1,tripinfo_103 routing_103,DEFAULT_VEHTYPE,0.97,
26,26,-gneE26_0,5.1,0,0,139.6,-gneE51_0,85.6,15.01,113.6,779.87,37.6,1,0,59.98,1,tripinfo_26 routing_26,DEFAULT_VEHTYPE,1.09,
36,36,gneE0_0,5.1,0,0,139.6,-gneE43_0,85.6,13.9,103.6,680.68,42.8,1,0,55.01,1,tripinfo_36 routing_36,DEFAULT_VEHTYPE,1.02,
79,78.8,-gneE28_0,5.1,0,-0.2,140,-gneE13_0,85.6,8.24,61.2,581.42,0.8,1,0,16.7,1,tripinfo_79 routing_79,DEFAULT_VEHTYPE,0.99,
39,38.8,gneE9_0,5.1,0,-0.2,140.4,gneE13_0,85.6,7.69,101.6,465.94,36.8,2,0,61.8,1,tripinfo_39 routing_39,DEFAULT_VEHTYPE,0.89,
69,68.8,-gneE13_0,5.1,0,-0.2,140.4,-gneE33_0,85.6,7.45,71.6,565.73,10.4,1,0,31.93,1,tripinfo_69 routing_69,DEFAULT_VEHTYPE,1.1,
80,90.8,-gneE41_0,5.1,0,10.8,142,-gneE46_0,85.6,9.33,51.2,473.76,0,0,0,13.27,1,tripinfo_80 routing_80,DEFAULT_VEHTYPE,0.94,
15,14.8,-gneE14_0,6.6,0,-0.2,145.2,-gneE12_0,85.6,13.82,130.4,462.89,71.6,3,0,94.48,1,tripinfo_15 routing_15,bus,1,
30,30,gneE9_0,5.1,0,0,146.4,-gneE4_0,85.6,7.9,116.4,471.1,50.4,2,0,80.63,1,tripinfo_30 routing_30,DEFAULT_VEHTYPE,0.99,
93,92.8,gneE37_0,6.6,0,-0.2,146.8,gneE36_0,85.6,13.72,54,579.71,0,0,0,9.48,1,tripinfo_93 routing_93,bus,1,
41,40.8,gneE48_0,5.1,0,-0.2,147.6,-gneE45_0,85.6,11.77,106.8,280.29,65.2,3,0,82.62,1,tripinfo_41 routing_41,DEFAULT_VEHTYPE,0.87,
16,16,-gneE47_0,5.1,0,0,148.8,-gneE0_0,89.6,14.42,132.8,484.08,70.4,3,0,98.64,1,tripinfo_16 routing_16,DEFAULT_VEHTYPE,1.06,
111,110.8,-gneE50_0,5.1,0,-0.2,148.8,gneE5_0,85.6,12.11,38,280.29,2,1,0,14.24,1,tripinfo_111 routing_111,DEFAULT_VEHTYPE,0.89,
23,22.8,gneE35_0,5.1,0,-0.2,150.8,-gneE34_0,85.6,12.01,128,464.18,63.2,4,0,86.75,1,tripinfo_23 routing_23,DEFAULT_VEHTYPE,0.89,
78,78,gneE4_0,5.1,0,0,153.6,gneE2_0,85.6,13.9,75.6,464.39,29.6,1,0,40.28,1,tripinfo_78 routing_78,DEFAULT_VEHTYPE,1.02,
51,50.8,-gneE44_0,5.1,0,-0.2,154.4,gneE36_0,85.6,14.05,103.6,679.87,39.6,1,0,53.3,1,tripinfo_51 routing_51,DEFAULT_VEHTYPE,1.02,
70,70,-gneE32_0,5.1,0,0,154.8,-gneE42_0,89.6,13.68,84.8,578.71,20.8,1,0,40.97,1,tripinfo_70 routing_70,DEFAULT_VEHTYPE,1,
109,108.8,gneE3_0,5.1,0,-0.2,154.8,-gneE29_0,85.6,12.54,46,380.08,6,1,0,17.88,1,tripinfo_109 routing_109,DEFAULT_VEHTYPE,1.02,
122,122,-gneE36_0,5.1,0,0,156.8,-gneE13_0,85.6,13.24,34.8,375.13,0,0,0,5.77,1,tripinfo_122 routing_122,DEFAULT_VEHTYPE,0.97,
88,88,gneE50_0,5.1,0,0,158.4,gneE39_0,85.6,12.83,70.4,374.71,26.8,2,0,39.34,1,tripinfo_88 routing_88,DEFAULT_VEHTYPE,0.94,
102,102,gneE39_0,5.1,0,0,159.2,gneE47_0,85.6,4.57,57.2,380.08,5.2,1,0,28.68,1,tripinfo_102 routing_102,DEFAULT_VEHTYPE,1.02,
114,114,gneE42_0,5.1,0,0,160,-gneE26_0,85.6,14.96,46,585.84,0,0,0,6.61,1,tripinfo_114 routing_114,DEFAULT_VEHTYPE,1.09,
81,80.8,-gneE30_0,5.1,0,-0.2,160.4,-gneE2_0,85.6,12.19,79.6,474.71,20.4,1,0,38.26,1,tripinfo_81 routing_81,DEFAULT_VEHTYPE,0.88,
67,66.8,-gneE50_0,5.1,0,-0.2,162.8,gneE2_0,85.6,15.78,96,564.18,29.2,2,0,58.75,1,tripinfo_67 routing_67,DEFAULT_VEHTYPE,1.17,
37,36.8,gneE34_0,5.1,0,-0.2,163.6,gneE47_0,85.6,8.99,126.8,575.13,58.4,3,0,84.94,1,tripinfo_37 routing_37,DEFAULT_VEHTYPE,1.01,
52,53.6,-gneE44_0,5.1,0,1.6,164.4,gneE39_0,85.6,13.01,110.8,765.31,20.4,2,0,50.19,1,tripinfo_52 routing_52,DEFAULT_VEHTYPE,0.97,
56,56,-gneE52_0,5.1,0,0,164.8,-gneE14_0,85.6,13.89,108.8,474.92,36.8,3,0,74.21,1,tripinfo_56 routing_56,DEFAULT_VEHTYPE,1.03,
42,42,gneE1_0,5.1,0,0,166.8,-gneE36_0,85.6,12.43,124.8,664.39,45.2,3,0,69.98,1,tripinfo_42 routing_42,DEFAULT_VEHTYPE,0.92,
62,62,gneE31_0,5.1,0,0,169.2,-gneE26_0,85.6,13.36,107.2,469.34,36.4,4,0,70.66,1,tripinfo_62 routing_62,DEFAULT_VEHTYPE,1,
73,72.8,-gneE49_0,5.1,0,-0.2,169.6,-gneE37_0,89.6,15.72,96.8,560.57,35.2,2,0,58.88,1,tripinfo_73 routing_73,DEFAULT_VEHTYPE,1.14,
97,96.8,-gneE38_0,5.1,0,-0.2,170,gneE41_0,89.6,13.34,73.2,669.73,7.2,1,0,21.61,1,tripinfo_97 routing_97,DEFAULT_VEHTYPE,0.98,
121,120.8,-gneE6_0,5.1,0,-0.2,172.8,gneE53_0,85.6,13.12,52,574.92,0,0,0,6.79,1,tripinfo_121 routing_121,DEFAULT_VEHTYPE,0.96,
108,108,gneE9_0,5.1,0,0,176,gneE30_0,85.6,13.66,68,767.49,0,0,0,11.76,1,tripinfo_108 routing_108,DEFAULT_VEHTYPE,1.01,
161,161.2,gneE36_0,5.1,0,0.2,178,gneE37_0,89.6,11.86,16.8,184.5,0,0,0,5.19,0,tripinfo_161 routing_161,DEFAULT_VEHTYPE,1.16,
59,58.8,gneE47_0,5.1,0,-0.2,179.2,-gneE26_0,85.6,13.97,120.4,769.34,36.4,2,0,63.98,1,tripinfo_59 routing_59,DEFAULT_VEHTYPE,1.04,
61,62.4,-gneE49_0,5.1,0,1.4,179.2,gneE29_0,85.6,14.97,116.8,669.76,39.6,3,0,71.18,1,tripinfo_61 routing_61,DEFAULT_VEHTYPE,1.09,
57,56.8,gneE33_0,5.1,0,-0.2,181.6,gneE0_0,89.6,12.8,124.8,854.99,18,2,0,56.58,1,tripinfo_57 routing_57,DEFAULT_VEHTYPE,0.96,
83,82.8,gneE38_0,5.1,0,-0.2,183.2,-gneE9_0,89.6,5.17,100.4,685.42,21.6,2,0,43.8,1,tripinfo_83 routing_83,DEFAULT_VEHTYPE,0.91,
100,100.8,gneE45_0,5.1,0,0.8,185.2,-gneE53_0,85.6,7.41,84.4,379.87,26.4,4,0,55.8,1,tripinfo_100 routing_100,DEFAULT_VEHTYPE,1.03,
1,0.8,gneE51_0,6.6,0,-0.2,185.6,gneE35_0,85.6,7.25,184.8,757.52,96.4,4,0,127.2,1,tripinfo_1 routing_1,bus,1,
98,98,gneE42_0,5.1,0,0,185.6,-gneE48_0,85.6,7.63,87.6,478.92,23.6,2,0,51.9,1,tripinfo_98 routing_98,DEFAULT_VEHTYPE,1.01,
168,168,-gneE33_0,5.1,0,0,186.8,-gneE34_0,85.6,13.29,18.8,175.13,0,0,0,4.81,0,tripinfo_168 routing_168,DEFAULT_VEHTYPE,0.97,
86,86.4,-gneE15_0,5.1,0,0.4,188.4,-gneE52_0,85.6,7.46,102,480.08,32,2,0,66.67,1,tripinfo_86 routing_86,DEFAULT_VEHTYPE,1.02,
119,118.8,gneE43_0,5.1,0,-0.2,189.2,gneE35_0,85.6,11.48,70.4,380.08,12.8,3,0,43.96,1,tripinfo_119 routing_119,DEFAULT_VEHTYPE,1.1,
84,84,gneE6_0,5.1,0,0,190,gneE5_0,85.6,14.01,106,364.39,59.6,2,0,78.52,1,tripinfo_84 routing_84,DEFAULT_VEHTYPE,1.04,
85,88.4,gneE34_0,5.1,0,3.4,190,-gneE34_0,85.6,13.88,101.6,564.18,34.4,2,0,58.82,1,tripinfo_85 routing_85,DEFAULT_VEHTYPE,1.02,
71,70.8,-gneE0_0,5.1,0,-0.2,190.4,gneE33_0,85.6,4.6,119.6,581.63,30,2,0,75.96,1,tripinfo_71 routing_71,DEFAULT_VEHTYPE,1,
63,62.8,-gneE45_0,5.1,0,-0.2,191.2,gneE14_0,85.6,12.33,128.4,679.87,41.2,3,0,71.3,1,tripinfo_63 routing_63,DEFAULT_VEHTYPE,0.9,
77,76.8,gneE13_0,5.1,0,-0.2,191.2,gneE46_0,85.6,15.24,114.4,469.34,43.2,2,0,81.47,1,tripinfo_77 routing_77,DEFAULT_VEHTYPE,1.12,
92,92,-gneE33_0,6.6,0,0,192,-gneE47_0,85.6,13.48,100,678.58,32,1,0,49.63,1,tripinfo_92 routing_92,bus,1,
125,125.2,-gneE33_0,5.1,0,0.2,194,gneE14_0,85.6,14.72,68.8,474.71,7.6,2,0,34.77,1,tripinfo_125 routing_125,DEFAULT_VEHTYPE,1.07,
106,109.2,-gneE15_0,5.1,0,3.2,196,gneE33_0,85.6,13.44,86.8,474.71,18.8,2,0,50.24,1,tripinfo_106 routing_106,DEFAULT_VEHTYPE,1,
189,188.8,-gneE41_0,5.1,0,-0.2,198.4,-gneE41_0,89.6,12.65,9.6,84.5,0,0,0,3.02,1,tripinfo_189 routing_189,DEFAULT_VEHTYPE,0.94,
140,140,-gneE12_0,5.1,0,0,202.4,-gneE51_0,85.6,12.68,62.4,681.42,0,0,0,7.95,1,tripinfo_140 routing_140,DEFAULT_VEHTYPE,0.94,
82,82,-gneE15_0,5.1,0,0,202.8,-gneE26_0,85.6,12.23,120.8,579.87,36,2,0,72.01,1,tripinfo_82 routing_82,DEFAULT_VEHTYPE,0.91,
32,32,-gneE0_0,5.1,0,0,203.2,gneE6_0,85.6,12.09,171.2,565.52,90.8,4,0,120.65,1,tripinfo_32 routing_32,DEFAULT_VEHTYPE,0.88,
75,74.8,gneE6_0,5.1,0,-0.2,203.6,gneE51_0,85.6,13.28,128.8,569.76,61.2,2,0,84.88,1,tripinfo_75 routing_75,DEFAULT_VEHTYPE,0.97,
124,124,gneE38_0,5.1,0,0,203.6,-gneE30_0,85.6,12.21,79.6,578.92,18,1,0,31.12,1,tripinfo_124 routing_124,DEFAULT_VEHTYPE,0.89,
96,96,gneE34_0,5.1,0,0,204,gneE48_0,85.6,7.86,108,474.92,36.4,3,0,73.51,1,tripinfo_96 routing_96,DEFAULT_VEHTYPE,1.03,
117,116.8,-gneE4_0,5.1,0,-0.2,205.2,-gneE26_0,85.6,12.56,88.4,480.08,22,2,0,48.3,1,tripinfo_117 routing_117,DEFAULT_VEHTYPE,0.91,
160,160,gneE12_0,5.1,0,0,207.2,gneE5_0,85.6,15.38,47.2,269.76,7.6,2,0,28.48,1,tripinfo_160 routing_160,DEFAULT_VEHTYPE,1.11,
50,50,-gneE0_0,5.1,0,0,207.6,-gneE27_0,89.6,13.3,157.6,782.76,50.4,3,0,98.14,1,tripinfo_50 routing_50,DEFAULT_VEHTYPE,0.99,
95,98,-gneE5_0,6.6,0,3,207.6,-gneE26_0,85.6,13.53,109.6,578.58,30,3,0,66.17,1,tripinfo_95 routing_95,bus,1,
143,142.8,-gneE29_0,5.1,0,-0.2,208.4,gneE53_0,85.6,6.06,65.6,480.08,3.2,1,0,30.43,1,tripinfo_143 routing_143,DEFAULT_VEHTYPE,1.02,
128,128,-gneE45_0,5.1,0,0,211.2,gneE33_0,85.6,11.33,83.2,374.92,26.8,1,0,56.23,1,tripinfo_128 routing_128,DEFAULT_VEHTYPE,1.06,
136,145.6,-gneE37_0,5.1,0,9.6,211.6,gneE26_0,85.6,16.28,66,680.68,9.2,1,0,23.76,1,tripinfo_136 routing_136,DEFAULT_VEHTYPE,1.18,
137,136.8,-gneE49_0,5.1,0,-0.2,213.2,gneE38_0,89.6,13.51,76.4,381.42,30,1,0,46.75,1,tripinfo_137 routing_137,DEFAULT_VEHTYPE,1,
195,194.8,-gneE27_0,5.1,0,-0.2,214,gneE34_0,85.6,12.29,19.2,184.29,0,0,0,3.96,0,tripinfo_195 routing_195,DEFAULT_VEHTYPE,0.92,
104,104,-gneE29_0,5.1,0,0,214.8,-gneE40_0,85.6,15.76,110.8,574.71,35.2,4,0,72.48,1,tripinfo_104 routing_104,DEFAULT_VEHTYPE,1.15,
87,88.8,-gneE52_0,5.1,0,1.8,216,gneE39_0,85.6,13.11,127.2,579.87,46.8,4,0,81.88,1,tripinfo_87 routing_87,DEFAULT_VEHTYPE,0.97,
207,206.8,gneE51_0,5.1,0,-0.2,216.4,gneE51_0,85.6,12.04,9.6,80.5,0,0,0,2.91,1,tripinfo_207 routing_207,DEFAULT_VEHTYPE,0.89,
149,148.8,-gneE27_0,5.1,0,-0.2,223.6,gneE37_0,89.6,13.94,74.8,789.84,3.2,1,0,17.73,1,tripinfo_149 routing_149,DEFAULT_VEHTYPE,1.01,
196,196,-gneE2_0,5.1,0,0,224.4,gneE34_0,85.6,15.07,28.4,269.76,0,0,0,9.07,1,tripinfo_196 routing_196,DEFAULT_VEHTYPE,1.09,
151,151.6,-gneE47_0,5.1,0,0.6,224.8,-gneE26_0,85.6,14.34,73.2,680.08,0,0,0,25.98,1,tripinfo_151 routing_151,DEFAULT_VEHTYPE,1.07,
153,154.4,gneE37_0,5.1,0,1.4,225.6,gneE33_0,85.6,13.97,71.2,776.26,0,0,0,14.76,1,tripinfo_153 routing_153,DEFAULT_VEHTYPE,1.04,
202,202,gneE34_0,5.1,0,0,225.6,gneE52_0,85.6,13.84,23.6,280.5,0,0,0,3.93,1,tripinfo_202 routing_202,DEFAULT_VEHTYPE,1.03,
11,12.4,-gneE31_0,6.6,0,1.4,228,gneE12_0,85.6,5.74,215.6,757.52,114.8,4,0,158.14,1,tripinfo_11 routing_11,bus,1,
99,100.8,gneE31_0,5.1,0,1.8,228,-gneE14_0,85.6,5.68,127.2,375.13,78.4,3,0,101.48,1,tripinfo_99 routing_99,DEFAULT_VEHTYPE,1.09,
113,112.8,gneE26_0,5.1,0,-0.2,228,gneE45_0,85.6,5.14,115.2,469.76,59.6,2,0,77.27,1,tripinfo_113 routing_113,DEFAULT_VEHTYPE,0.92,
147,146.8,gneE35_0,5.1,0,-0.2,228,gneE31_0,85.6,5.74,81.2,175.13,48,2,0,64.79,0,tripinfo_147 routing_147,DEFAULT_VEHTYPE,0.82,
94,94,gneE43_0,6.6,0,0,228.4,-gneE45_0,85.6,6.13,134.4,478.37,63.2,4,0,97.73,1,tripinfo_94 routing_94,bus,1,
132,132,-gneE38_0,5.1,0,0,228.4,-gneE13_0,85.6,5.48,96.4,571.31,38.4,1,0,57.72,1,tripinfo_132 routing_132,DEFAULT_VEHTYPE,1.1,
110,110,-gneE29_0,5.1,0,0,230,gneE30_0,85.6,7.01,120,660.36,33.6,3,0,70.04,1,tripinfo_110 routing_110,DEFAULT_VEHTYPE,1.02,
89,88.8,gneE30_0,5.1,0,-0.2,230.4,-gneE13_0,85.6,8,141.6,469.76,80.8,3,0,108.03,1,tripinfo_89 routing_89,DEFAULT_VEHTYPE,1.06,
133,132.8,gneE38_0,5.1,0,-0.2,230.4,gneE44_0,85.6,7.19,97.6,585.63,34.4,2,0,54.27,1,tripinfo_133 routing_133,DEFAULT_VEHTYPE,1.01,
138,142.8,-gneE45_0,5.1,0,4.8,230.4,-gneE1_0,85.6,13.72,87.6,580.08,18,1,0,43.92,1,tripinfo_138 routing_138,DEFAULT_VEHTYPE,0.99,
91,90.8,gneE40_0,5.1,0,-0.2,232,-gneE13_0,85.6,9.44,141.2,669.34,47.2,3,0,89.18,1,tripinfo_91 routing_91,DEFAULT_VEHTYPE,0.98,
123,122.8,-gneE51_0,5.1,0,-0.2,232,-gneE32_0,85.6,9.57,109.2,474.71,35.2,2,0,70.98,1,tripinfo_123 routing_123,DEFAULT_VEHTYPE,0.95,
130,130,gneE38_0,5.1,0,0,233.6,-gneE32_0,85.6,10.68,103.6,684.08,15.6,3,0,48.7,1,tripinfo_130 routing_130,DEFAULT_VEHTYPE,0.93,
156,156,gneE27_0,5.1,0,0,233.6,-gneE37_0,89.6,15.03,77.6,969.04,0,0,0,14.08,1,tripinfo_156 routing_156,DEFAULT_VEHTYPE,1.12,
134,134,-gneE34_0,5.1,0,0,234.4,-gneE52_0,85.6,14.88,100.4,660.57,36.8,1,0,54.18,1,tripinfo_134 routing_134,DEFAULT_VEHTYPE,1.1,
54,54,-gneE30_0,5.1,0,0,235.2,gneE30_0,85.6,12.01,181.2,748.28,86,4,0,128.55,1,tripinfo_54 routing_54,DEFAULT_VEHTYPE,1.1,
90,90,-gneE4_0,5.1,0,0,235.2,gneE35_0,85.6,13.15,145.2,369.55,97.2,4,0,114.96,1,tripinfo_90 routing_90,DEFAULT_VEHTYPE,0.96,
170,170,gneE38_0,5.1,0,0,235.2,gneE51_0,85.6,13.13,65.2,373.55,24.4,1,0,34.74,1,tripinfo_170 routing_170,DEFAULT_VEHTYPE,0.96,
127,126.8,gneE9_0,5.1,0,-0.2,236,-gneE4_0,85.6,10.7,109.2,471.1,36.4,3,0,74.39,1,tripinfo_127 routing_127,DEFAULT_VEHTYPE,1.03,
105,104.8,gneE51_0,5.1,0,-0.2,237.2,gneE50_0,85.6,13.04,132.4,559.02,69.2,2,0,87.84,1,tripinfo_105 routing_105,DEFAULT_VEHTYPE,0.98,
188,188,gneE4_0,5.1,0,0,238,gneE5_0,85.6,11.31,50,180.5,24,1,0,36.51,0,tripinfo_188 routing_188,DEFAULT_VEHTYPE,0.98,
141,140.8,-gneE39_0,5.1,0,-0.2,238.4,gneE1_0,85.6,15.07,97.6,569.76,31.6,2,0,58.6,1,tripinfo_141 routing_141,DEFAULT_VEHTYPE,1.1,
154,154,gneE53_0,5.1,0,0,238.4,gneE50_0,85.6,15.32,84.4,659.02,19.2,1,0,43.1,1,tripinfo_154 routing_154,DEFAULT_VEHTYPE,1.23,
177,176.8,gneE37_0,5.1,0,-0.2,238.4,-gneE47_0,85.6,14.97,61.6,681,0,0,0,12.76,1,tripinfo_177 routing_177,DEFAULT_VEHTYPE,1.08,
144,144,gneE31_0,5.1,0,0,238.8,-gneE44_0,85.6,13.78,94.8,380.08,34,2,0,67.49,1,tripinfo_144 routing_144,DEFAULT_VEHTYPE,1.06,
135,134.8,-gneE4_0,5.1,0,-0.2,241.6,gneE49_0,85.6,12.54,106.8,369.55,48.8,3,0,75.85,1,tripinfo_135 routing_135,DEFAULT_VEHTYPE,0.92,
165,164.8,-gneE5_0,5.1,0,-0.2,241.6,-gneE31_0,85.6,7.63,76.8,280.5,42.4,1,0,58.94,1,tripinfo_165 routing_165,DEFAULT_VEHTYPE,1.14,
182,182,-gneE35_0,5.1,0,0,241.6,gneE13_0,85.6,6.81,59.6,280.29,18,2,0,38.48,1,tripinfo_182 routing_182,DEFAULT_VEHTYPE,0.99,
181,180.8,gneE41_0,5.1,0,-0.2,242.8,-gneE32_0,85.6,9.82,62,581.63,0,0,0,21.72,1,tripinfo_181 routing_181,DEFAULT_VEHTYPE,1.08,
146,146,gneE43_0,5.1,0,0,244.4,gneE6_0,85.6,14.13,98.4,574.92,44.4,1,0,56.66,1,tripinfo_146 routing_146,DEFAULT_VEHTYPE,1.03,
129,128.8,-gneE38_0,5.1,0,-0.2,245.2,-gneE9_0,89.6,12.82,116.4,772.23,40.4,1,0,55.43,1,tripinfo_129 routing_129,DEFAULT_VEHTYPE,0.96,
187,186.8,gneE40_0,5.1,0,-0.2,246,gneE13_0,85.6,10.59,59.2,580.08,0,0,0,17.05,1,tripinfo_187 routing_187,DEFAULT_VEHTYPE,1.03,
179,182,gneE40_0,5.1,0,3,246.4,-gneE48_0,85.6,15.56,64.4,474.71,14,1,0,32.6,1,tripinfo_179 routing_179,DEFAULT_VEHTYPE,1.14,
175,174.8,gneE14_0,5.1,0,-0.2,249.6,-gneE5_0,85.6,15.13,74.8,374.71,29.2,1,0,48.42,1,tripinfo_175 routing_175,DEFAULT_VEHTYPE,1.12,
185,186.8,-gneE33_0,5.1,0,1.8,249.6,gneE13_0,85.6,12.34,62.8,280.5,25.2,1,0,40.65,1,tripinfo_185 routing_185,DEFAULT_VEHTYPE,0.91,
166,166,gneE46_0,5.1,0,0,252,-gneE34_0,85.6,11.9,86,569.55,19.6,1,0,37.18,1,tripinfo_166 routing_166,DEFAULT_VEHTYPE,0.89,
199,199.2,-gneE35_0,5.1,0,0.2,252,-gneE14_0,85.6,14.45,52.8,374.92,0.8,1,0,25.99,1,tripinfo_199 routing_199,DEFAULT_VEHTYPE,1.06,
126,126,gneE50_0,5.1,0,0,255.2,-gneE41_0,89.6,13.6,129.2,471.1,75.6,2,0,93.71,1,tripinfo_126 routing_126,DEFAULT_VEHTYPE,1.01,
157,159.2,-gneE14_0,5.1,0,2.2,255.2,gneE0_0,89.6,13.89,96,655.2,26.8,1,0,45.82,1,tripinfo_157 routing_157,DEFAULT_VEHTYPE,1.02,
191,191.2,gneE37_0,5.1,0,0.2,256.8,gneE44_0,85.6,12.02,65.6,682.97,0,0,0,8.3,1,tripinfo_191 routing_191,DEFAULT_VEHTYPE,0.9,
66,66,-gneE35_0,5.1,0,0,258.4,-gneE36_0,85.6,11.8,192.4,669.34,91.6,8,0,132.3,1,tripinfo_66 routing_66,DEFAULT_VEHTYPE,0.85,
150,150,gneE30_0,5.1,0,0,260,-gneE36_0,85.6,14.28,110,569.55,43.2,2,0,68.06,1,tripinfo_150 routing_150,DEFAULT_VEHTYPE,1.03,
118,118,-gneE39_0,5.1,0,0,261.2,gneE29_0,85.6,15.4,143.2,764.39,60.4,2,0,92.05,1,tripinfo_118 routing_118,DEFAULT_VEHTYPE,1.12,
184,184,gneE48_0,5.1,0,0,266.4,gneE43_0,85.6,14.42,82.4,480.08,15.2,1,0,48.14,1,tripinfo_184 routing_184,DEFAULT_VEHTYPE,1.05,
183,182.8,-gneE12_0,5.1,0,-0.2,266.8,gneE38_0,89.6,15.49,84,481.63,30.8,1,0,51.94,1,tripinfo_183 routing_183,DEFAULT_VEHTYPE,1.13,
238,238.8,-gneE13_0,5.1,0,0.8,272.8,gneE27_0,89.6,14.81,34,378.92,0,0,0,7.07,1,tripinfo_238 routing_238,DEFAULT_VEHTYPE,1.07,
145,145.2,gneE6_0,5.1,0,0.2,273.2,-gneE3_0,85.6,5.32,128,469.34,56.4,4,0,96.11,1,tripinfo_145 routing_145,DEFAULT_VEHTYPE,1.15,
192,192,gneE47_0,5.1,0,0,273.2,gneE50_0,85.6,5.39,81.2,464.39,20.4,2,0,41.29,1,tripinfo_192 routing_192,DEFAULT_VEHTYPE,0.89,
74,78.4,-gneE5_0,5.1,0,4.4,273.6,-gneE50_0,85.6,5.09,195.2,374.71,132.8,6,0,166.62,1,tripinfo_74 routing_74,DEFAULT_VEHTYPE,1.02,
115,116,gneE45_0,5.1,0,1,273.6,-gneE35_0,85.6,5.98,157.6,369.55,92.4,5,0,130.22,1,tripinfo_115 routing_115,DEFAULT_VEHTYPE,1.06,
171,170.8,-gneE13_0,5.1,0,-0.2,274.4,-gneE42_0,89.6,13.95,103.6,579.13,44.8,2,0,61.2,1,tripinfo_171 routing_171,DEFAULT_VEHTYPE,1,
142,148.8,gneE3_0,5.1,0,6.8,275.2,-gneE35_0,85.6,7.77,126.4,280.08,70.4,4,0,105.45,1,tripinfo_142 routing_142,DEFAULT_VEHTYPE,1.03,
159,158.8,gneE33_0,5.1,0,-0.2,275.2,-gneE3_0,85.6,7.4,116.4,464.39,42.4,5,0,79.35,1,tripinfo_159 routing_159,DEFAULT_VEHTYPE,0.95,
158,158,gneE28_0,5.1,0,0,275.6,-gneE50_0,85.6,8.48,117.6,573.76,51.2,2,0,74.82,1,tripinfo_158 routing_158,DEFAULT_VEHTYPE,1,
120,120,-gneE5_0,5.1,0,0,277.2,-gneE50_0,85.6,9.65,157.2,374.71,71.6,6,0,129.93,1,tripinfo_120 routing_120,DEFAULT_VEHTYPE,1.07,
219,220.4,gneE27_0,5.1,0,1.4,277.6,gneE52_0,85.6,9.45,57.2,471.1,1.6,1,0,14.01,1,tripinfo_219 routing_219,DEFAULT_VEHTYPE,0.83,
180,180,-gneE15_0,5.1,0,0,278.8,-gneE33_0,85.6,11.84,98.8,579.87,20,3,0,48.59,1,tripinfo_180 routing_180,DEFAULT_VEHTYPE,0.88,
172,172,gneE49_0,5.1,0,0,279.6,gneE3_0,85.6,9.6,107.6,760.57,18.4,2,0,54.15,1,tripinfo_172 routing_172,DEFAULT_VEHTYPE,1.07,
152,152,-gneE50_0,5.1,0,0,280.4,gneE31_0,85.6,13.32,128.4,464.39,65.6,3,0,91.09,1,tripinfo_152 routing_152,DEFAULT_VEHTYPE,0.96,
217,216.8,gneE36_0,5.1,0,-0.2,281.2,gneE43_0,85.6,11.85,64.4,580.08,0,0,0,14.94,1,tripinfo_217 routing_217,DEFAULT_VEHTYPE,0.87,
212,212,-gneE37_0,5.1,0,0,281.6,-gneE50_0,85.6,8.62,69.6,378.92,13.6,1,0,43,1,tripinfo_212 routing_212,DEFAULT_VEHTYPE,1.1,
218,218,gneE28_0,5.1,0,0,283.2,-gneE49_0,85.6,14.61,65.2,775.31,0,0,0,11.89,1,tripinfo_218 routing_218,DEFAULT_VEHTYPE,1.06,
164,164,-gneE12_0,5.1,0,0,285.2,-gneE40_0,85.6,9.98,121.2,769.34,14.8,3,0,41.43,1,tripinfo_164 routing_164,DEFAULT_VEHTYPE,0.73,
186,186,gneE34_0,5.1,0,0,287.2,gneE5_0,85.6,13.6,101.2,469.55,35.2,2,0,65.09,1,tripinfo_186 routing_186,DEFAULT_VEHTYPE,1,
206,206,gneE33_0,5.1,0,0,288.8,gneE35_0,85.6,9.72,82.8,481.42,26.4,1,0,48.44,1,tripinfo_206 routing_206,DEFAULT_VEHTYPE,1.08,
198,200,-gneE44_0,5.1,0,2,289.6,-gneE9_0,89.6,14.57,89.6,882.97,13.6,1,0,28.92,1,tripinfo_198 routing_198,DEFAULT_VEHTYPE,1.08,
221,220.8,-gneE46_0,5.1,0,-0.2,290,-gneE41_0,89.6,12.07,69.2,471.31,4,1,0,28.91,1,tripinfo_221 routing_221,DEFAULT_VEHTYPE,0.87,
258,258,-gneE26_0,5.1,0,0,292.4,-gneE9_0,89.6,15.05,34.4,381.84,0,0,0,8.29,1,tripinfo_258 routing_258,DEFAULT_VEHTYPE,1.1,
215,214.8,gneE5_0,5.1,0,-0.2,292.8,-gneE43_0,85.6,11.27,78,764.39,0,0,0,9.88,1,tripinfo_215 routing_215,DEFAULT_VEHTYPE,0.84,
178,178,-gneE33_0,5.1,0,0,294.8,gneE33_0,85.6,12.17,116.8,564.18,41.6,2,0,68.76,1,tripinfo_178 routing_178,DEFAULT_VEHTYPE,0.91,
204,204,-gneE45_0,5.1,0,0,295.2,-gneE43_0,85.6,12.88,91.2,369.55,39.6,3,0,60.38,1,tripinfo_204 routing_204,DEFAULT_VEHTYPE,0.94,
139,139.2,gneE48_0,5.1,0,0.2,296.8,-gneE34_0,85.6,14.69,157.6,580.08,68,5,0,116.93,1,tripinfo_139 routing_139,DEFAULT_VEHTYPE,1.07,
222,222,-gneE15_0,5.1,0,0,296.8,gneE39_0,85.6,14.19,74.8,380.29,36.4,1,0,47.48,1,tripinfo_222 routing_222,DEFAULT_VEHTYPE,1.04,
163,164.4,gneE27_0,5.1,0,1.4,298,-gneE27_0,89.6,15.51,133.6,761.7,53.6,2,0,81.18,1,tripinfo_163 routing_163,DEFAULT_VEHTYPE,1.13,
208,212.8,gneE31_0,5.1,0,4.8,298,-gneE39_0,85.6,13.12,85.2,374.92,22.8,4,0,55.49,1,tripinfo_208 routing_208,DEFAULT_VEHTYPE,0.97,
173,174.8,-gneE44_0,5.1,0,1.8,299.2,gneE26_0,85.6,12.64,124.4,669.34,18,3,0,69.38,1,tripinfo_173 routing_173,DEFAULT_VEHTYPE,0.93,
242,242,gneE37_0,5.1,0,0,301.6,-gneE44_0,85.6,11.43,59.6,576.26,0,0,0,7.17,1,tripinfo_242 routing_242,DEFAULT_VEHTYPE,0.84,
252,252,gneE36_0,5.1,0,0,302.4,gneE41_0,89.6,13.2,50.4,585.84,0,0,0,5.92,1,tripinfo_252 routing_252,DEFAULT_VEHTYPE,0.97,
131,130.8,-gneE9_0,5.1,0,-0.2,303.6,-gneE39_0,85.6,11.94,172.8,673.55,83.6,4,0,114.18,1,tripinfo_131 routing_131,DEFAULT_VEHTYPE,0.87,
205,204.8,-gneE31_0,5.1,0,-0.2,304.4,gneE42_0,89.6,12.6,99.6,476.26,31.6,3,0,59.67,1,tripinfo_205 routing_205,DEFAULT_VEHTYPE,0.92,
249,251.6,-gneE2_0,5.1,0,2.6,304.8,gneE30_0,85.6,13.54,53.2,565.94,0,0,0,10.42,1,tripinfo_249 routing_249,DEFAULT_VEHTYPE,0.99,
265,265.2,-gneE15_0,5.1,0,0.2,304.8,-gneE46_0,85.6,13.76,39.6,280.29,0,0,0,18.63,1,tripinfo_265 routing_265,DEFAULT_VEHTYPE,1.01,
226,226,-gneE38_0,5.1,0,0,305.6,gneE26_0,85.6,13.46,79.6,772.86,8,1,0,22.95,1,tripinfo_226 routing_226,DEFAULT_VEHTYPE,1,
259,258.8,-gneE34_0,5.1,0,-0.2,306,gneE14_0,85.6,15.58,47.2,380.08,7.6,2,0,21.61,1,tripinfo_259 routing_259,DEFAULT_VEHTYPE,1.13,
236,236,-gneE47_0,5.1,0,0,308.4,-gneE27_0,89.6,13.39,72.4,781.63,0,0,0,12.68,1,tripinfo_236 routing_236,DEFAULT_VEHTYPE,0.97,
223,225.6,gneE34_0,5.1,0,2.6,311.2,-gneE40_0,85.6,15.37,85.6,475.13,32,1,0,53.76,1,tripinfo_223 routing_223,DEFAULT_VEHTYPE,1.11,
257,256.8,-gneE14_0,5.1,0,-0.2,314.8,-gneE33_0,85.6,11.83,58,565.94,0,0,0,9.45,1,tripinfo_257 routing_257,DEFAULT_VEHTYPE,0.88,
282,282,-gneE0_0,6.6,0,0,315.6,gneE36_0,85.6,13.49,33.6,380.34,0,0,0,5.39,1,tripinfo_282 routing_282,bus,1,
169,168.8,-gneE12_0,5.1,0,-0.2,318,gneE45_0,85.6,5.37,149.2,669.34,71.6,2,0,100.29,1,tripinfo_169 routing_169,DEFAULT_VEHTYPE,1.04,
190,191.2,gneE12_0,5.1,0,1.2,318,gneE13_0,85.6,5.09,126.8,464.18,52,3,0,93.4,1,tripinfo_190 routing_190,DEFAULT_VEHTYPE,1.09,
194,201.6,-gneE13_0,5.1,0,7.6,318,gneE4_0,85.6,5.45,116.4,269.76,65.6,3,0,94.63,1,tripinfo_194 routing_194,DEFAULT_VEHTYPE,0.96,
248,248.4,gneE45_0,5.1,0,0.4,318,-gneE4_0,85.6,5.61,69.6,369.76,27.2,1,0,43.72,1,tripinfo_248 routing_248,DEFAULT_VEHTYPE,1.09,
200,200,-gneE52_0,5.1,0,0,318.4,gneE12_0,85.6,5.82,118.4,569.55,42.8,3,0,78.86,1,tripinfo_200 routing_200,DEFAULT_VEHTYPE,1.1,
209,208.8,gneE1_0,5.1,0,-0.2,318.4,gneE32_0,85.6,5.94,109.6,274.92,69.2,3,0,87.56,1,tripinfo_209 routing_209,DEFAULT_VEHTYPE,0.97,
264,265.6,-gneE36_0,5.1,0,1.6,318.4,gneE2_0,85.6,14.14,52.8,571.31,0,0,0,11.53,1,tripinfo_264 routing_264,DEFAULT_VEHTYPE,1.02,
148,149.2,-gneE15_0,5.1,0,1.2,320,gneE4_0,85.6,7.51,170.8,479.87,72.8,5,0,137.87,1,tripinfo_148 routing_148,DEFAULT_VEHTYPE,1.12,
155,162.8,gneE6_0,5.1,0,7.8,320,gneE41_0,89.6,13.91,157.2,773.55,70,4,0,99.65,1,tripinfo_155 routing_155,DEFAULT_VEHTYPE,1.01,
167,166.8,gneE34_0,5.1,0,-0.2,320,-gneE4_0,85.6,7.87,153.2,474.71,80.8,4,0,116.93,1,tripinfo_167 routing_167,DEFAULT_VEHTYPE,1,
193,194,-gneE12_0,5.1,0,1,320,gneE44_0,85.6,7.58,126,769.34,44.8,2,0,74.84,1,tripinfo_193 routing_193,DEFAULT_VEHTYPE,1.14,
260,262.4,gneE6_0,5.1,0,2.4,320,gneE12_0,85.6,7.53,57.6,175.13,26.8,1,0,43.52,0,tripinfo_260 routing_260,DEFAULT_VEHTYPE,0.95,
162,166.4,gneE33_0,5.1,0,4.4,320.4,-gneE47_0,85.6,7.41,154,769.34,34,5,0,91.71,1,tripinfo_162 routing_162,DEFAULT_VEHTYPE,0.94,
232,232,-gneE5_0,5.1,0,0,322.4,gneE46_0,85.6,9.6,90.4,369.76,38,2,0,62.18,1,tripinfo_232 routing_232,DEFAULT_VEHTYPE,1,
234,239.6,gneE12_0,5.1,0,5.6,322.4,-gneE51_0,85.6,11.2,82.8,574.71,12.4,1,0,30.09,1,tripinfo_234 routing_234,DEFAULT_VEHTYPE,0.83,
245,244.8,gneE13_0,5.1,0,-0.2,323.2,-gneE37_0,89.6,13.06,78.4,571.1,9.2,1,0,33.75,1,tripinfo_245 routing_245,DEFAULT_VEHTYPE,0.97,
174,174,-gneE12_0,5.1,0,0,324.4,gneE53_0,85.6,14.31,150.4,674.71,80.4,2,0,102.6,1,tripinfo_174 routing_174,DEFAULT_VEHTYPE,1.06,
270,272.8,gneE27_0,6.6,0,2.8,324.8,-gneE35_0,85.6,13.5,52,464.44,4,1,0,16.45,1,tripinfo_270 routing_270,bus,1,
310,310,-gneE14_0,5.1,0,0,324.8,-gneE14_0,85.6,8.2,14.8,80.5,0,0,0,8.06,1,tripinfo_310 routing_310,DEFAULT_VEHTYPE,0.88,
210,210,-gneE28_0,5.1,0,0,325.6,-gneE33_0,85.6,12.2,115.6,681,35.2,2,0,56.74,1,tripinfo_210 routing_210,DEFAULT_VEHTYPE,0.9,
261,260.8,gneE50_0,5.1,0,-0.2,326.8,gneE53_0,85.6,13.58,66,274.92,22.8,2,0,44.8,1,tripinfo_261 routing_261,DEFAULT_VEHTYPE,1.01,
296,303.6,gneE30_0,6.6,0,7.6,326.8,gneE31_0,85.6,13.39,23.2,179,0,0,0,9.95,0,tripinfo_296 routing_296,bus,1,
255,255.2,-gneE40_0,5.1,0,0.2,327.2,-gneE4_0,85.6,6.38,72,469.76,16.4,1,0,35.16,1,tripinfo_255 routing_255,DEFAULT_VEHTYPE,0.96,
300,300,-gneE50_0,6.6,0,0,329.2,gneE5_0,85.6,13.62,29.2,278.79,0,0,0,8.3,1,tripinfo_300 routing_300,bus,1,
240,245.6,-gneE48_0,5.1,0,5.6,329.6,-gneE0_0,89.6,13.43,84,384.29,34,2,0,55.31,1,tripinfo_240 routing_240,DEFAULT_VEHTYPE,1,
278,278,-gneE50_0,6.6,0,0,331.6,gneE35_0,85.6,13.51,53.6,368.26,9.6,1,0,25.37,1,tripinfo_278 routing_278,bus,1,
213,212.8,gneE26_0,5.1,0,-0.2,332.4,gneE46_0,85.6,10.48,119.6,569.76,48.4,2,0,79.71,1,tripinfo_213 routing_213,DEFAULT_VEHTYPE,1.07,
203,203.2,-gneE14_0,5.1,0,0.2,332.8,-gneE2_0,85.6,14.83,129.6,559.02,44.8,3,0,89.72,1,tripinfo_203 routing_203,DEFAULT_VEHTYPE,1.08,
197,196.8,-gneE34_0,5.1,0,-0.2,333.2,gneE33_0,85.6,7.52,136.4,479.87,61.6,4,0,100.68,1,tripinfo_197 routing_197,DEFAULT_VEHTYPE,1.03,
291,290.8,gneE3_0,6.6,0,-0.2,334.4,gneE41_0,89.6,13.4,43.6,482.79,0,0,0,7.87,1,tripinfo_291 routing_291,bus,1,
251,250.8,gneE14_0,5.1,0,-0.2,336,gneE0_0,89.6,15.54,85.2,365.94,32.8,3,0,60.52,1,tripinfo_251 routing_251,DEFAULT_VEHTYPE,1.14,
274,274,-gneE37_0,6.6,0,0,336.8,-gneE38_0,89.6,13.5,62.8,370.89,18,1,0,33.57,1,tripinfo_274 routing_274,bus,1,
277,276.8,-gneE2_0,6.6,0,-0.2,337.2,gneE44_0,85.6,13.48,60.4,664.44,0,0,0,11,1,tripinfo_277 routing_277,bus,1,
269,268.8,-gneE39_0,6.6,0,-0.2,337.6,gneE50_0,85.6,13.45,68.8,462.89,12.8,1,0,33.29,1,tripinfo_269 routing_269,bus,1,
289,288.8,gneE35_0,6.6,0,-0.2,337.6,gneE5_0,85.6,9.28,48.8,373.63,4.8,1,0,21.16,1,tripinfo_289 routing_289,bus,1,
280,282,-gneE13_0,6.6,0,2,338,gneE33_0,85.6,11.34,56,279,20,1,0,35.86,1,tripinfo_280 routing_280,bus,1,
237,238.4,gneE26_0,5.1,0,1.4,338.4,-gneE12_0,85.6,14.4,100,469.76,38.8,3,0,67.02,1,tripinfo_237 routing_237,DEFAULT_VEHTYPE,1.07,
256,256,gneE13_0,5.1,0,0,341.2,-gneE47_0,85.6,14.39,85.2,480.08,40.4,1,0,50.52,1,tripinfo_256 routing_256,DEFAULT_VEHTYPE,1.04,
244,244,-gneE15_0,5.1,0,0,342,-gneE0_0,89.6,13.81,98,567.97,24,2,0,54.02,1,tripinfo_244 routing_244,DEFAULT_VEHTYPE,1.02,
319,319.6,gneE33_0,5.1,0,0.6,342.4,gneE29_0,85.6,9.21,22.8,175.13,0,0,0,5,0,tripinfo_319 routing_319,DEFAULT_VEHTYPE,0.75,
279,280,gneE52_0,6.6,0,1,344.4,gneE49_0,85.6,5.89,64.4,373.42,15.2,1,0,36.22,1,tripinfo_279 routing_279,bus,1,
273,275.2,gneE9_0,6.6,0,2.2,350,-gneE26_0,85.6,13.5,74.8,669.18,3.6,1,0,23.38,1,tripinfo_273 routing_273,bus,1,
307,306.8,gneE39_0,6.6,0,-0.2,351.2,gneE44_0,85.6,13.67,44.4,480.13,0,0,0,8.25,1,tripinfo_307 routing_307,bus,1,
227,226.8,-gneE3_0,5.1,0,-0.2,353.6,-gneE35_0,85.6,13.26,126.8,559.02,64,2,0,82.33,1,tripinfo_227 routing_227,DEFAULT_VEHTYPE,0.97,
231,230.8,gneE14_0,5.1,0,-0.2,354.4,-gneE27_0,89.6,13.98,123.6,581.42,58.4,3,0,80.92,1,tripinfo_231 routing_231,DEFAULT_VEHTYPE,1.04,
317,318.4,gneE13_0,5.1,0,1.4,359.6,gneE37_0,89.6,13.7,41.2,484.29,0,0,0,5.96,1,tripinfo_317 routing_317,DEFAULT_VEHTYPE,1.01,
241,240.8,-gneE52_0,5.1,0,-0.2,362.4,gneE1_0,85.6,15.64,121.6,569.55,37.2,3,0,83.68,1,tripinfo_241 routing_241,DEFAULT_VEHTYPE,1.15,
304,304,-gneE2_0,6.6,0,0,362.4,-gneE42_0,89.6,13.73,58.4,673.81,0,0,0,8.74,1,tripinfo_304 routing_304,bus,1,
254,258.8,-gneE37_0,5.1,0,4.8,363.2,-gneE41_0,89.6,12.47,104.4,669.94,34.8,1,0,49.37,1,tripinfo_254 routing_254,DEFAULT_VEHTYPE,0.91,
272,272,gneE6_0,6.6,0,0,363.2,gneE3_0,85.6,5.43,91.2,368.26,40.4,2,0,63.45,1,tripinfo_272 routing_272,bus,1,
211,210.8,-gneE34_0,5.1,0,-0.2,363.6,-gneE50_0,85.6,5.6,152.8,760.57,55.6,2,0,90.73,1,tripinfo_211 routing_211,DEFAULT_VEHTYPE,0.93,
228,228,-gneE5_0,5.1,0,0,363.6,gneE34_0,85.6,5.81,135.6,569.55,60,3,0,90.84,1,tripinfo_228 routing_228,DEFAULT_VEHTYPE,0.96,
233,232.8,gneE35_0,5.1,0,-0.2,363.6,-gneE53_0,85.6,5.98,130.8,565.73,60.4,3,0,91.54,1,tripinfo_233 routing_233,DEFAULT_VEHTYPE,1.1,
246,246,-gneE38_0,5.1,0,0,363.6,gneE15_0,85.6,6.13,117.6,471.1,63.6,3,0,88.49,1,tripinfo_246 routing_246,DEFAULT_VEHTYPE,1.24,
290,290,gneE27_0,6.6,0,0,364,-gneE6_0,85.6,13.87,74,669.6,1.2,1,0,23.37,1,tripinfo_290 routing_290,bus,1,
225,224.8,gneE3_0,5.1,0,-0.2,365.2,gneE6_0,85.6,7.69,140.4,369.76,89.6,3,0,113.07,1,tripinfo_225 routing_225,DEFAULT_VEHTYPE,1.02,
176,176,gneE31_0,5.1,0,0,365.6,-gneE48_0,85.6,7.91,189.6,369.55,123.6,5,0,165.08,1,tripinfo_176 routing_176,DEFAULT_VEHTYPE,1.18,
224,224,-gneE26_0,5.1,0,0,365.6,gneE52_0,85.6,8.01,141.6,474.71,64.4,3,0,107.52,1,tripinfo_224 routing_224,DEFAULT_VEHTYPE,1.07,
235,235.6,gneE35_0,5.1,0,0.6,367.2,gneE6_0,85.6,8.94,131.6,469.76,66,4,0,99.28,1,tripinfo_235 routing_235,DEFAULT_VEHTYPE,1.09,
250,250,-gneE52_0,5.1,0,0,368.8,gneE6_0,85.6,11.08,118.8,474.92,47.2,4,0,84.49,1,tripinfo_250 routing_250,DEFAULT_VEHTYPE,1.04,
214,214,-gneE53_0,5.1,0,0,370.4,gneE6_0,85.6,12.03,156.4,574.92,82,4,0,113.42,1,tripinfo_214 routing_214,DEFAULT_VEHTYPE,1,
285,285.2,-gneE39_0,6.6,0,0.2,370.4,-gneE12_0,85.6,13.66,85.2,473.42,39.6,1,0,49.3,1,tripinfo_285 routing_285,bus,1,
286,287.2,gneE9_0,6.6,0,1.2,370.4,gneE32_0,85.6,13.43,83.2,469.6,34.8,1,0,47.53,1,tripinfo_286 routing_286,bus,1,
292,292,-gneE34_0,6.6,0,0,370.4,-gneE51_0,85.6,13.73,78.4,860.62,0,0,0,14.62,1,tripinfo_292 routing_292,bus,1,
239,241.6,-gneE48_0,5.1,0,2.6,370.8,gneE13_0,85.6,12.44,129.2,374.71,80.4,4,0,96.98,1,tripinfo_239 routing_239,DEFAULT_VEHTYPE,0.91,
303,302.8,-gneE14_0,6.6,0,-0.2,371.2,-gneE43_0,85.6,13.6,68.4,669.81,1.6,1,0,18.99,1,tripinfo_303 routing_303,bus,1,
281,280.8,-gneE43_0,6.6,0,-0.2,372.8,gneE38_0,89.6,13.47,92,674.76,14.8,1,0,41.38,1,tripinfo_281 routing_281,bus,1,
216,216,-gneE50_0,5.1,0,0,373.6,-gneE53_0,85.6,5.57,157.6,660.57,74.8,3,0,109.17,1,tripinfo_216 routing_216,DEFAULT_VEHTYPE,1.03,
263,262.8,gneE12_0,5.1,0,-0.2,373.6,-gneE6_0,85.6,13.52,110.8,481.42,50.4,2,0,73.53,1,tripinfo_263 routing_263,DEFAULT_VEHTYPE,0.99,
275,274.8,-gneE9_0,6.6,0,-0.2,374,gneE52_0,85.6,9.1,99.2,577.42,22.4,3,0,56.27,1,tripinfo_275 routing_275,bus,1,
229,228.8,gneE15_0,5.1,0,-0.2,374.4,gneE13_0,85.6,13.4,145.6,464.39,86,3,0,109.35,1,tripinfo_229 routing_229,DEFAULT_VEHTYPE,0.98,
338,338,-gneE50_0,5.1,0,0,374.8,-gneE31_0,85.6,13.04,36.8,175.13,10.8,1,0,22.68,0,tripinfo_338 routing_338,DEFAULT_VEHTYPE,0.97,
287,288.8,-gneE38_0,6.6,0,1.8,375.6,gneE42_0,89.6,13.54,86.8,765.57,8,1,0,28.46,1,tripinfo_287 routing_287,bus,1,
306,306,gneE45_0,6.6,0,0,377.6,-gneE2_0,85.6,13.85,71.6,373.63,25.6,2,0,44,1,tripinfo_306 routing_306,bus,1,
262,262,-gneE41_0,5.1,0,0,380.8,gneE0_0,89.6,13.45,118.8,876.86,38.8,1,0,52.81,1,tripinfo_262 routing_262,DEFAULT_VEHTYPE,0.97,
201,203.2,gneE12_0,5.1,0,2.2,381.6,gneE43_0,85.6,14.04,178.4,669.13,82,4,0,127.74,1,tripinfo_201 routing_201,DEFAULT_VEHTYPE,1.03,
295,294.8,-gneE35_0,6.6,0,-0.2,381.6,-gneE44_0,85.6,12.61,86.8,562.47,16,2,0,42.32,1,tripinfo_295 routing_295,bus,1,
266,266.8,gneE44_0,5.1,0,0.8,382,gneE5_0,85.6,13.44,115.2,474.92,43.2,2,0,78.37,1,tripinfo_266 routing_266,DEFAULT_VEHTYPE,0.97,
339,339.6,-gneE28_0,5.1,0,0.6,382.8,gneE3_0,85.6,13.64,43.2,481.63,0,0,0,6.56,1,tripinfo_339 routing_339,DEFAULT_VEHTYPE,0.99,
326,326,gneE12_0,5.1,0,0,384.4,gneE51_0,85.6,12.22,58.4,475.13,5.2,1,0,19.86,1,tripinfo_326 routing_326,DEFAULT_VEHTYPE,0.92,
298,298,-gneE40_0,6.6,0,0,385.6,gneE5_0,85.6,13.46,87.6,473.42,34.4,1,0,51.74,1,tripinfo_298 routing_298,bus,1,
335,336.8,-gneE37_0,5.1,0,1.8,388,-gneE51_0,85.6,11.64,51.2,473.34,0,0,0,8.6,1,tripinfo_335 routing_335,DEFAULT_VEHTYPE,0.87,
345,344.8,-gneE49_0,5.1,0,-0.2,388.8,-gneE36_0,85.6,13.53,44,274.92,6.4,1,0,22.22,1,tripinfo_345 routing_345,DEFAULT_VEHTYPE,0.98,
342,342,-gneE14_0,5.1,0,0,391.2,gneE52_0,85.6,13.75,49.2,569.76,0,0,0,6.96,1,tripinfo_342 routing_342,DEFAULT_VEHTYPE,1.02,
318,323.2,gneE4_0,5.1,0,5.2,393.2,-gneE36_0,85.6,11.4,70,369.55,14.8,2,0,35.46,1,tripinfo_318 routing_318,DEFAULT_VEHTYPE,0.84,
346,346,gneE9_0,5.1,0,0,393.2,gneE34_0,85.6,12.32,47.2,471.31,0,0,0,7.42,1,tripinfo_346 routing_346,DEFAULT_VEHTYPE,0.89,
311,312.8,-gneE14_0,5.1,0,1.8,394,-gneE27_0,89.6,13.41,81.2,670.68,5.2,1,0,28.88,1,tripinfo_311 routing_311,DEFAULT_VEHTYPE,0.99,
293,292.8,-gneE53_0,6.6,0,-0.2,394.4,gneE0_0,89.6,13.86,101.6,769.6,8.8,2,0,44.19,1,tripinfo_293 routing_293,bus,1,
343,342.8,gneE49_0,5.1,0,-0.2,396.4,gneE42_0,89.6,10.32,53.6,481.63,0,0,0,5.91,1,tripinfo_343 routing_343,DEFAULT_VEHTYPE,0.76,
301,300.8,gneE37_0,6.6,0,-0.2,397.2,gneE9_0,89.6,13.71,96.4,678.55,27.2,1,0,44.34,1,tripinfo_301 routing_301,bus,1,
355,354.8,-gneE43_0,5.1,0,-0.2,400.8,-gneE38_0,89.6,15.14,46,580.68,0,0,0,7.59,1,tripinfo_355 routing_355,DEFAULT_VEHTYPE,1.1,
344,344,gneE43_0,5.1,0,0,401.6,gneE14_0,85.6,12.38,57.6,681.63,0,0,0,8.79,1,tripinfo_344 routing_344,DEFAULT_VEHTYPE,1.04,
315,315.6,gneE37_0,5.1,0,0.6,408,gneE32_0,85.6,5.19,92.4,676.26,18.8,2,0,39.96,1,tripinfo_315 routing_315,DEFAULT_VEHTYPE,0.96,
283,284.8,-gneE53_0,6.6,0,1.8,408.4,gneE12_0,85.6,6.08,123.6,668.05,32.4,3,0,72.99,1,tripinfo_283 routing_283,bus,1,
366,366,-gneE45_0,5.1,0,0,408.4,-gneE45_0,85.6,5.99,42.4,80.5,25.6,1,0,36.4,1,tripinfo_366 routing_366,DEFAULT_VEHTYPE,0.99,
381,380.8,-gneE53_0,5.1,0,-0.2,409.2,-gneE30_0,85.6,11.52,28.4,275.13,0,0,0,4.72,1,tripinfo_381 routing_381,DEFAULT_VEHTYPE,0.87,
322,322,-gneE33_0,5.1,0,0,410,-gneE46_0,85.6,7.56,88,580.08,18,2,0,42.74,1,tripinfo_322 routing_322,DEFAULT_VEHTYPE,0.96,
220,220,gneE34_0,5.1,0,0,410.4,-gneE45_0,85.6,8.25,190.4,474.71,123.6,5,0,151.8,1,tripinfo_220 routing_220,DEFAULT_VEHTYPE,0.95,
400,401.6,gneE47_0,5.1,0,1.6,411.2,gneE47_0,85.6,11.65,9.6,80.5,0,0,0,2.82,1,tripinfo_400 routing_400,DEFAULT_VEHTYPE,0.86,
327,326.8,-gneE4_0,5.1,0,-0.2,412,-gneE46_0,85.6,9.16,85.2,559.02,13.6,2,0,40.21,1,tripinfo_327 routing_327,DEFAULT_VEHTYPE,0.96,
393,392.8,-gneE51_0,5.1,0,-0.2,412,-gneE45_0,85.6,11.89,19.2,175.13,0,0,0,7.85,0,tripinfo_393 routing_393,DEFAULT_VEHTYPE,1.18,
320,320,-gneE9_0,5.1,0,0,412.4,gneE41_0,89.6,15.52,92.4,789.84,28.8,1,0,41.21,1,tripinfo_320 routing_320,DEFAULT_VEHTYPE,1.13,
294,294,-gneE48_0,6.6,0,0,414.8,-gneE15_0,85.6,13.69,120.8,462.68,64.4,2,0,84.26,1,tripinfo_294 routing_294,bus,1,
334,334.8,-gneE30_0,5.1,0,0.8,414.8,-gneE52_0,85.6,13.22,80,364.39,37.2,2,0,51,1,tripinfo_334 routing_334,DEFAULT_VEHTYPE,0.97,
299,298.8,-gneE4_0,6.6,0,-0.2,415.2,-gneE48_0,85.6,13.45,116.4,362.89,61.6,3,0,87.99,1,tripinfo_299 routing_299,bus,1,
314,314,-gneE27_0,5.1,0,0,415.6,gneE31_0,85.6,7.64,101.6,378.92,42.8,2,0,60.77,1,tripinfo_314 routing_314,DEFAULT_VEHTYPE,0.71,
230,232.8,gneE50_0,5.1,0,2.8,416.4,gneE1_0,85.6,15.22,183.6,564.39,106.4,4,0,144.76,1,tripinfo_230 routing_230,DEFAULT_VEHTYPE,1.1,
323,329.6,gneE38_0,5.1,0,6.6,416.4,gneE14_0,85.6,15.5,86.8,769.52,10.8,1,0,34.68,1,tripinfo_323 routing_323,DEFAULT_VEHTYPE,1.13,
253,252.8,-gneE35_0,5.1,0,-0.2,416.8,-gneE48_0,85.6,15.62,164,569.34,67.6,6,0,125.62,1,tripinfo_253 routing_253,DEFAULT_VEHTYPE,1.15,
243,243.2,-gneE26_0,5.1,0,0.2,417.2,-gneE50_0,85.6,14.29,174,663.97,68.8,4,0,125.27,1,tripinfo_243 routing_243,DEFAULT_VEHTYPE,1.06,
284,284,gneE38_0,6.6,0,0,417.2,gneE31_0,85.6,9.63,133.2,582.58,64,3,0,89.78,1,tripinfo_284 routing_284,bus,1,
408,408,-gneE44_0,5.1,0,0,417.2,-gneE44_0,85.6,12.16,9.2,80.5,0,0,0,2.64,1,tripinfo_408 routing_408,DEFAULT_VEHTYPE,0.9,
325,324.8,-gneE9_0,5.1,0,-0.2,419.6,gneE41_0,89.6,13.4,94.8,789.84,22,1,0,36.16,1,tripinfo_325 routing_325,DEFAULT_VEHTYPE,0.98,
247,246.8,gneE52_0,5.1,0,-0.2,420.4,gneE1_0,85.6,15.1,173.6,664.39,81.2,5,0,128.29,1,tripinfo_247 routing_247,DEFAULT_VEHTYPE,1.11,
350,350,gneE0_0,5.1,0,0,420.4,-gneE4_0,85.6,5.34,70.4,378.92,12.4,2,0,40.6,1,tripinfo_350 routing_350,DEFAULT_VEHTYPE,0.97,
329,332,gneE44_0,5.1,0,3,421.2,gneE50_0,85.6,13.45,89.2,374.71,34.4,2,0,58.97,1,tripinfo_329 routing_329,DEFAULT_VEHTYPE,0.97,
349,348.8,gneE49_0,5.1,0,-0.2,421.2,-gneE28_0,89.6,13.28,72.4,785.63,0,0,0,12.35,1,tripinfo_349 routing_349,DEFAULT_VEHTYPE,0.97,
302,302,-gneE26_0,6.6,0,0,422.8,-gneE2_0,85.6,13.71,120.8,478.37,59.6,4,0,84,1,tripinfo_302 routing_302,bus,1,
309,308.8,gneE48_0,5.1,0,-0.2,425.2,-gneE39_0,85.6,12.63,116.4,369.55,70,3,0,85.29,1,tripinfo_309 routing_309,DEFAULT_VEHTYPE,0.93,
276,280.4,-gneE4_0,6.6,0,4.4,425.6,gneE30_0,85.6,8.98,145.2,573,49.6,4,0,100.87,1,tripinfo_276 routing_276,bus,1,
375,374.8,-gneE0_0,5.1,0,-0.2,425.6,-gneE13_0,85.6,11.71,50.8,381.63,4,1,0,25.41,1,tripinfo_375 routing_375,DEFAULT_VEHTYPE,1.13,
321,321.2,gneE40_0,5.1,0,0.2,426,gneE47_0,85.6,14.3,104.8,480.08,42.4,3,0,70.22,1,tripinfo_321 routing_321,DEFAULT_VEHTYPE,1.04,
377,378.8,gneE42_0,5.1,0,1.8,426.8,gneE46_0,85.6,10.2,48,384.29,4,1,0,23.86,1,tripinfo_377 routing_377,DEFAULT_VEHTYPE,1.18,
362,364.4,-gneE27_0,5.1,0,2.4,427.2,gneE0_0,89.6,14.08,62.8,669.73,0,0,0,13.63,1,tripinfo_362 routing_362,DEFAULT_VEHTYPE,1.04,
267,266.8,gneE46_0,5.1,0,-0.2,429.2,gneE27_0,89.6,14.28,162.4,673.76,91.6,3,0,114.06,1,tripinfo_267 routing_267,DEFAULT_VEHTYPE,1.04,
337,336.8,-gneE32_0,5.1,0,-0.2,430,-gneE30_0,85.6,5.05,93.2,380.08,33.2,4,0,64.14,1,tripinfo_337 routing_337,DEFAULT_VEHTYPE,0.99,
333,334,gneE28_0,5.1,0,1,432.4,gneE4_0,85.6,11.54,98.4,479.13,40.4,2,0,57.21,1,tripinfo_333 routing_333,DEFAULT_VEHTYPE,0.85,
351,350.8,-gneE26_0,5.1,0,-0.2,432.4,-gneE30_0,85.6,7.78,81.6,480.08,21.6,2,0,48.55,1,tripinfo_351 routing_351,DEFAULT_VEHTYPE,1.09,
313,312.8,gneE37_0,5.1,0,-0.2,434.4,gneE2_0,85.6,11.78,121.6,770.89,24,2,0,54.77,1,tripinfo_313 routing_313,DEFAULT_VEHTYPE,0.88,
324,328.4,gneE48_0,5.1,0,4.4,434.4,-gneE42_0,89.6,13.07,106,478.92,42.8,3,0,68.56,1,tripinfo_324 routing_324,DEFAULT_VEHTYPE,0.96,
370,378,-gneE44_0,5.1,0,8,434.4,-gneE26_0,85.6,12.02,56.4,581.63,1.6,1,0,16.65,1,tripinfo_370 routing_370,DEFAULT_VEHTYPE,1.09,
312,312,-gneE38_0,5.1,0,0,434.8,gneE33_0,85.6,13.54,122.8,765.73,24.8,2,0,63.84,1,tripinfo_312 routing_312,DEFAULT_VEHTYPE,0.98,
340,341.6,-gneE36_0,5.1,0,1.6,435.2,gneE30_0,85.6,14.05,93.6,967.49,4.4,1,0,27.95,1,tripinfo_340 routing_340,DEFAULT_VEHTYPE,1.08,
391,390.8,-gneE43_0,5.1,0,-0.2,435.6,gneE47_0,85.6,13.54,44.8,475.13,0,0,0,10.31,1,tripinfo_391 routing_391,DEFAULT_VEHTYPE,1.01,
390,390,gneE27_0,5.1,0,0,437.2,-gneE26_0,85.6,13.89,47.2,465.73,0,0,0,11.63,1,tripinfo_390 routing_390,DEFAULT_VEHTYPE,1.02,
378,378,-gneE3_0,5.1,0,0,438.8,gneE30_0,85.6,15.64,60.8,464.39,6.8,2,0,29.11,1,tripinfo_378 routing_378,DEFAULT_VEHTYPE,1.13,
368,368,gneE52_0,5.1,0,0,439.2,-gneE34_0,85.6,14.09,71.2,574.5,6,2,0,28.68,1,tripinfo_368 routing_368,DEFAULT_VEHTYPE,1.05,
376,376,gneE42_0,5.1,0,0,440,gneE31_0,85.6,10.48,64,384.29,5.6,2,0,34.68,1,tripinfo_376 routing_376,DEFAULT_VEHTYPE,0.98,
384,386,gneE12_0,5.1,0,2,440,gneE32_0,85.6,5.62,54,280.5,10,1,0,33.86,1,tripinfo_384 routing_384,DEFAULT_VEHTYPE,1.01,
360,363.2,-gneE53_0,5.1,0,3.2,441.2,-gneE36_0,85.6,12.53,78,474.92,20,1,0,39.76,1,tripinfo_360 routing_360,DEFAULT_VEHTYPE,0.94,
305,304.8,-gneE6_0,6.6,0,-0.2,441.6,-gneE26_0,85.6,13.51,136.8,672.79,54.4,4,0,84.29,1,tripinfo_305 routing_305,bus,1,
387,388.4,-gneE44_0,5.1,0,1.4,443.2,gneE31_0,85.6,13.7,54.8,380.08,6.4,1,0,25.8,1,tripinfo_387 routing_387,DEFAULT_VEHTYPE,1,
407,406.8,gneE31_0,5.1,0,-0.2,444.8,gneE36_0,85.6,15.46,38,380.29,0,0,0,13,1,tripinfo_407 routing_407,DEFAULT_VEHTYPE,1.13,
411,412.8,gneE33_0,5.1,0,1.8,445.2,-gneE27_0,89.6,13.15,32.4,281.63,0,0,0,9.89,1,tripinfo_411 routing_411,DEFAULT_VEHTYPE,0.97,
363,362.8,-gneE1_0,5.1,0,-0.2,445.6,-gneE34_0,85.6,13.56,82.8,479.87,7.6,3,0,45.03,1,tripinfo_363 routing_363,DEFAULT_VEHTYPE,0.98,
328,328,gneE40_0,5.1,0,0,448,gneE39_0,85.6,17.41,120,579.66,40,3,0,84.38,1,tripinfo_328 routing_328,DEFAULT_VEHTYPE,1.26,
402,402,-gneE39_0,5.1,0,0,448.4,gneE49_0,85.6,12.86,46.4,465.94,0,0,0,9.28,1,tripinfo_402 routing_402,DEFAULT_VEHTYPE,0.95,
404,404,gneE29_0,5.1,0,0,449.2,gneE4_0,85.6,12.59,45.2,375.13,0,0,0,15.86,1,tripinfo_404 routing_404,DEFAULT_VEHTYPE,0.94,
372,372,gneE52_0,5.1,0,0,450.8,gneE27_0,89.6,14.76,78.8,673.13,1.6,1,0,30.3,1,tripinfo_372 routing_372,DEFAULT_VEHTYPE,1.07,
288,292,-gneE38_0,6.6,0,4,453.6,gneE35_0,85.6,5.93,161.6,758.86,55.2,4,0,103.58,1,tripinfo_288 routing_288,bus,1,
361,360.8,-gneE35_0,5.1,0,-0.2,453.6,gneE3_0,85.6,6.08,92.8,280.08,51.6,3,0,70.63,1,tripinfo_361 routing_361,DEFAULT_VEHTYPE,0.98,
359,358.8,-gneE45_0,5.1,0,-0.2,455.6,-gneE36_0,85.6,14.63,96.8,665.94,35.2,1,0,49.98,1,tripinfo_359 routing_359,DEFAULT_VEHTYPE,1.07,
365,366.4,gneE15_0,5.1,0,1.4,457.6,-gneE43_0,85.6,14.26,91.2,569.76,20.4,2,0,50.94,1,tripinfo_365 routing_365,DEFAULT_VEHTYPE,1.06,
332,336.4,-gneE0_0,5.1,0,4.4,458,-gneE48_0,85.6,8.43,121.6,581.42,40,4,0,76.49,1,tripinfo_332 routing_332,DEFAULT_VEHTYPE,0.98,
427,426.8,gneE38_0,5.1,0,-0.2,458,-gneE53_0,85.6,15.51,31.2,384.29,0,0,0,5.98,1,tripinfo_427 routing_427,DEFAULT_VEHTYPE,1.14,
308,318,gneE2_0,5.1,0,10,460,gneE31_0,85.6,15.24,142,369.55,93.2,3,0,116.1,1,tripinfo_308 routing_308,DEFAULT_VEHTYPE,1.11,
354,354,-gneE15_0,5.1,0,0,460.4,gneE46_0,85.6,13.25,106.4,369.55,45.2,5,0,76.03,1,tripinfo_354 routing_354,DEFAULT_VEHTYPE,0.96,
398,398,-gneE4_0,5.1,0,0,460.4,-gneE41_0,89.6,15.82,62.4,571.31,1.6,1,0,26.2,1,tripinfo_398 routing_398,DEFAULT_VEHTYPE,1.17,
348,348,-gneE52_0,5.1,0,0,460.8,gneE15_0,85.6,7.4,112.8,374.92,46,2,0,88.96,1,tripinfo_348 routing_348,DEFAULT_VEHTYPE,1.19,
268,268,gneE13_0,5.1,0,0,462,-gneE35_0,85.6,9.81,194,479.87,121.6,6,0,161.57,1,tripinfo_268 routing_268,DEFAULT_VEHTYPE,1.14,
353,353.6,-gneE34_0,5.1,0,0.6,462,-gneE44_0,85.6,14.12,108.4,665.52,24.4,2,0,59.69,1,tripinfo_353 routing_353,DEFAULT_VEHTYPE,1.05,
412,412,gneE48_0,5.1,0,0,464.4,gneE47_0,85.6,14.25,52.4,175.13,25.2,1,0,39.33,0,tripinfo_412 routing_412,DEFAULT_VEHTYPE,1.03,
336,336,gneE36_0,5.1,0,0,465.2,-gneE41_0,89.6,16.58,129.2,671.1,50,5,0,87.65,1,tripinfo_336 routing_336,DEFAULT_VEHTYPE,1.21,
367,366.8,gneE6_0,5.1,0,-0.2,466.4,gneE31_0,85.6,13.61,99.6,564.39,18.4,3,0,56.36,1,tripinfo_367 routing_367,DEFAULT_VEHTYPE,0.99,
382,382,gneE13_0,5.1,0,0,466.8,gneE15_0,85.6,9.58,84.8,479.87,16.4,2,0,40,1,tripinfo_382 routing_382,DEFAULT_VEHTYPE,0.82,
373,377.2,-gneE14_0,5.1,0,4.2,468.4,-gneE41_0,89.6,16.32,91.2,867.49,15.6,1,0,38.19,1,tripinfo_373 routing_373,DEFAULT_VEHTYPE,1.21,
316,316,-gneE1_0,5.1,0,0,470.4,gneE45_0,85.6,17.54,154.4,669.34,53.6,5,0,115.17,1,tripinfo_316 routing_316,DEFAULT_VEHTYPE,1.3,
371,370.8,gneE37_0,5.1,0,-0.2,470.4,gneE0_0,89.6,15.28,99.6,772.23,26,1,0,46.73,1,tripinfo_371 routing_371,DEFAULT_VEHTYPE,1.11,
397,403.2,gneE28_0,5.1,0,6.2,470.8,-gneE49_0,85.6,13.19,67.6,775.31,0,0,0,8.59,1,tripinfo_397 routing_397,DEFAULT_VEHTYPE,0.96,
271,270.8,-gneE31_0,6.6,0,-0.2,472.8,gneE36_0,85.6,13.56,202,662.47,121.2,4,0,150.39,1,tripinfo_271 routing_271,bus,1,
399,398.8,-gneE14_0,5.1,0,-0.2,474,-gneE31_0,85.6,14.95,75.2,469.55,14,2,0,42.47,1,tripinfo_399 routing_399,DEFAULT_VEHTYPE,1.11,
414,414,gneE0_0,5.1,0,0,474.8,gneE48_0,85.6,14.11,60.8,379.13,16,1,0,33.39,1,tripinfo_414 routing_414,DEFAULT_VEHTYPE,1.03,
331,330.8,gneE43_0,5.1,0,-0.2,476.4,-gneE39_0,85.6,14.36,145.6,574.71,80.8,4,0,104.09,1,tripinfo_331 routing_331,DEFAULT_VEHTYPE,1.05,
454,454,gneE1_0,5.1,0,0,478,gneE3_0,85.6,15.77,24,275.13,0,0,0,5.85,1,tripinfo_454 routing_454,DEFAULT_VEHTYPE,1.14,
374,374,gneE6_0,5.1,0,0,479.6,gneE40_0,85.6,15.87,105.6,669.55,31.2,3,0,61.75,1,tripinfo_374 routing_374,DEFAULT_VEHTYPE,1.15,
413,412.8,-gneE52_0,5.1,0,-0.2,482.4,gneE27_0,89.6,13.12,69.6,379.13,26,1,0,40.85,1,tripinfo_413 routing_413,DEFAULT_VEHTYPE,0.98,
418,418,-gneE46_0,5.1,0,0,484.8,gneE37_0,89.6,11.61,66.8,567.97,3.2,1,0,14.92,1,tripinfo_418 routing_418,DEFAULT_VEHTYPE,0.86,
364,364.4,gneE30_0,5.1,0,0.4,485.2,-gneE1_0,85.6,12.88,120.8,474.92,50.4,2,0,83.41,1,tripinfo_364 routing_364,DEFAULT_VEHTYPE,0.96,
395,394.8,gneE37_0,5.1,0,-0.2,486.4,-gneE2_0,85.6,15.68,91.6,681.63,20.4,3,0,48.06,1,tripinfo_395 routing_395,DEFAULT_VEHTYPE,1.16,
416,418,gneE5_0,5.1,0,2,486.8,-gneE36_0,85.6,12.81,68.8,675.84,0,0,0,13.53,1,tripinfo_416 routing_416,DEFAULT_VEHTYPE,0.95,
380,380,-gneE27_0,5.1,0,0,488,gneE47_0,85.6,11.94,108,678.92,41.6,1,0,50.38,1,tripinfo_380 routing_380,DEFAULT_VEHTYPE,0.87,
471,470.8,-gneE30_0,6.6,0,-0.2,492.4,-gneE43_0,85.6,11.46,21.6,173.63,0,0,0,7.97,0,tripinfo_471 routing_471,bus,1,
429,428.8,-gneE33_0,5.1,0,-0.2,492.8,-gneE27_0,89.6,15.14,64,581.21,4,1,0,23.79,1,tripinfo_429 routing_429,DEFAULT_VEHTYPE,1.11,
440,442.8,gneE39_0,5.1,0,2.8,492.8,-gneE29_0,85.6,12.85,50,581.84,0,0,0,5.67,1,tripinfo_440 routing_440,DEFAULT_VEHTYPE,0.96,
297,296.8,-gneE45_0,6.6,0,-0.2,498,-gneE13_0,85.6,5.93,201.2,567.84,107.6,6,0,157.54,1,tripinfo_297 routing_297,bus,1,
330,330,gneE29_0,5.1,0,0,498,gneE12_0,85.6,5.56,168,664.39,84.4,3,0,110.31,1,tripinfo_330 routing_330,DEFAULT_VEHTYPE,0.87,
356,356,-gneE36_0,5.1,0,0,498,-gneE12_0,85.6,5.33,142,374.71,88.8,4,0,112.35,1,tripinfo_356 routing_356,DEFAULT_VEHTYPE,0.98,
392,395.2,-gneE46_0,5.1,0,3.2,498,gneE4_0,85.6,5.23,102.8,280.08,42.4,5,0,79.6,1,tripinfo_392 routing_392,DEFAULT_VEHTYPE,0.93,
358,358,-gneE48_0,5.1,0,0,498.4,gneE13_0,85.6,5.35,140.4,374.71,74,5,0,115.02,1,tripinfo_358 routing_358,DEFAULT_VEHTYPE,1.16,
341,340.8,gneE33_0,5.1,0,-0.2,500,gneE12_0,85.6,7.54,159.2,782.76,73.2,3,0,96.53,1,tripinfo_341 routing_341,DEFAULT_VEHTYPE,0.95,
441,440.8,-gneE2_0,5.1,0,-0.2,500,-gneE32_0,85.6,7.22,59.2,364.39,10.8,1,0,25.89,1,tripinfo_441 routing_441,DEFAULT_VEHTYPE,0.85,
451,450.8,-gneE26_0,5.1,0,-0.2,500,-gneE4_0,85.6,7.96,49.2,480.08,0,0,0,12.97,1,tripinfo_451 routing_451,DEFAULT_VEHTYPE,1,
352,352,gneE29_0,5.1,0,0,500.4,-gneE13_0,85.6,8.16,148.4,564.39,60.8,3,0,110.63,1,tripinfo_352 routing_352,DEFAULT_VEHTYPE,1.14,
468,468,gneE29_0,5.1,0,0,500.4,gneE44_0,85.6,5.79,32.4,275.13,0,0,0,11.84,1,tripinfo_468 routing_468,DEFAULT_VEHTYPE,0.99,
423,422.8,-gneE26_0,5.1,0,-0.2,502,-gneE49_0,85.6,13.32,79.2,669.55,6,1,0,28.78,1,tripinfo_423 routing_423,DEFAULT_VEHTYPE,0.99,
439,441.6,gneE15_0,5.1,0,2.6,502,-gneE13_0,85.6,9.8,60.4,175.13,19.6,2,0,44.7,0,tripinfo_439 routing_439,DEFAULT_VEHTYPE,0.85,
437,436.8,-gneE15_0,5.1,0,-0.2,502.8,-gneE37_0,89.6,12.34,66,471.31,8.4,2,0,27.79,1,tripinfo_437 routing_437,DEFAULT_VEHTYPE,0.92,
357,358.4,gneE29_0,5.1,0,1.4,504.4,-gneE9_0,89.6,13.63,146,770.89,46.4,2,0,86.55,1,tripinfo_357 routing_357,DEFAULT_VEHTYPE,0.98,
379,378.8,gneE52_0,5.1,0,-0.2,504.4,gneE50_0,85.6,15.73,125.6,559.02,52.8,3,0,88.15,1,tripinfo_379 routing_379,DEFAULT_VEHTYPE,1.16,
424,426.4,gneE32_0,5.1,0,2.4,504.4,-gneE52_0,85.6,15.06,78,564.39,19.6,1,0,39.69,1,tripinfo_424 routing_424,DEFAULT_VEHTYPE,1.12,
403,402.8,gneE53_0,5.1,0,-0.2,505.2,-gneE44_0,85.6,13.45,102.4,464.39,50,2,0,66.24,1,tripinfo_403 routing_403,DEFAULT_VEHTYPE,0.98,
431,431.6,-gneE33_0,5.1,0,0.6,505.2,-gneE2_0,85.6,13.79,73.6,275.13,39.2,2,0,53.01,1,tripinfo_431 routing_431,DEFAULT_VEHTYPE,1.01,
388,388,gneE29_0,5.1,0,0,506,gneE12_0,85.6,7.96,118,664.39,25.2,2,0,62.33,1,tripinfo_388 routing_388,DEFAULT_VEHTYPE,0.9,
466,466,-gneE6_0,5.1,0,0,508,gneE48_0,85.6,11.85,42,274.92,3.6,1,0,17.19,1,tripinfo_466 routing_466,DEFAULT_VEHTYPE,0.86,
467,466.8,-gneE49_0,5.1,0,-0.2,508.8,gneE51_0,85.6,14.08,42,269.76,6.4,1,0,21.44,1,tripinfo_467 routing_467,DEFAULT_VEHTYPE,1.01,
396,396,-gneE47_0,5.1,0,0,509.6,-gneE0_0,89.6,13.86,113.6,484.08,33.6,3,0,78.03,1,tripinfo_396 routing_396,DEFAULT_VEHTYPE,1.02,
405,404.8,-gneE46_0,5.1,0,-0.2,510,gneE50_0,85.6,15.19,105.2,479.87,35.6,5,0,71.7,1,tripinfo_405 routing_405,DEFAULT_VEHTYPE,1.11,
415,416,gneE49_0,5.1,0,1,510.4,gneE53_0,85.6,11.85,94.4,469.34,28.4,2,0,55.93,1,tripinfo_415 routing_415,DEFAULT_VEHTYPE,0.96,
479,481.2,-gneE47_0,5.1,0,2.2,510.8,-gneE48_0,85.6,13.83,29.6,180.29,3.2,1,0,15.83,0,tripinfo_479 routing_479,DEFAULT_VEHTYPE,1,
369,372.4,-gneE2_0,5.1,0,3.4,511.6,-gneE14_0,85.6,12.29,139.2,581.21,58.8,4,0,89.78,1,tripinfo_369 routing_369,DEFAULT_VEHTYPE,0.9,
435,434.8,-gneE32_0,5.1,0,-0.2,512,gneE53_0,85.6,14.84,77.2,474.71,22,1,0,43.82,1,tripinfo_435 routing_435,DEFAULT_VEHTYPE,1.1,
433,432.8,-gneE9_0,5.1,0,-0.2,513.2,-gneE14_0,85.6,12.6,80.4,284.08,28,2,0,56.89,1,tripinfo_433 routing_433,DEFAULT_VEHTYPE,0.93,
428,428,gneE37_0,5.1,0,0,514.4,-gneE43_0,85.6,13.89,86.4,770.89,10,2,0,28.88,1,tripinfo_428 routing_428,DEFAULT_VEHTYPE,1.02,
383,382.8,gneE46_0,5.1,0,-0.2,516.8,gneE26_0,85.6,12.95,134,569.76,50.8,3,0,88.51,1,tripinfo_383 routing_383,DEFAULT_VEHTYPE,0.94,
386,386,gneE46_0,5.1,0,0,517.2,-gneE40_0,85.6,12.93,131.2,663.76,41.2,3,0,76.12,1,tripinfo_386 routing_386,DEFAULT_VEHTYPE,0.95,
445,445.6,-gneE38_0,5.1,0,0.6,517.6,-gneE45_0,85.6,9.28,72,471.31,17.2,1,0,36.88,1,tripinfo_445 routing_445,DEFAULT_VEHTYPE,0.99,
347,346.8,gneE29_0,5.1,0,-0.2,518.4,-gneE33_0,85.6,3.7,171.6,655.2,64.4,4,0,125.7,1,tripinfo_347 routing_347,DEFAULT_VEHTYPE,1.1,
434,434,-gneE12_0,5.1,0,0,520.4,-gneE33_0,85.6,6.49,86.4,762.12,0,0,0,15.8,1,tripinfo_434 routing_434,DEFAULT_VEHTYPE,0.81,
473,474,-gneE52_0,6.6,0,1,521.2,gneE15_0,85.6,13.65,47.2,373.42,0,0,0,18.8,1,tripinfo_473 routing_473,bus,1,
426,426,gneE31_0,5.1,0,0,524,gneE29_0,85.6,13.36,98,464.39,34,4,0,62.12,1,tripinfo_426 routing_426,DEFAULT_VEHTYPE,1,
485,485.2,gneE30_0,5.1,0,0.2,526.4,gneE15_0,85.6,13.02,41.2,375.13,0,0,0,11.56,1,tripinfo_485 routing_485,DEFAULT_VEHTYPE,0.94,
417,419.6,gneE1_0,5.1,0,2.6,528,-gneE5_0,85.6,14.77,108.4,569.34,39.6,2,0,68.03,1,tripinfo_417 routing_417,DEFAULT_VEHTYPE,1.08,
464,469.2,gneE32_0,5.1,0,5.2,528.8,gneE27_0,89.6,8.98,59.6,278.92,17.6,2,0,36.89,1,tripinfo_464 routing_464,DEFAULT_VEHTYPE,0.95,
480,482.8,-gneE6_0,5.1,0,2.8,528.8,gneE40_0,85.6,14.41,46,581.84,0,0,0,6.19,1,tripinfo_480 routing_480,DEFAULT_VEHTYPE,1.07,
501,500.8,gneE29_0,5.1,0,-0.2,529.2,gneE31_0,85.6,12.25,28.4,275.13,0,0,0,4.82,1,tripinfo_501 routing_501,DEFAULT_VEHTYPE,0.88,
